{
  "n_categories": 6,
  "purity": 0.7727272727272727,
  "nmi": 0.7495476193884494,
  "ari": 0.6721718955350237,
  "npmi": 0.004434370632960982,
  "c_v": 0.5018223878551287,
  "redundancy": 0.41880341880341887,
  "corpus": "darkbench",
  "seed": 42,
  "model": "deepseek/deepseek-v4-flash",
  "wall_s": 5265.153079032898,
  "phase_s": {
    "generate": 1870.1511769294739,
    "refine": 9.782277584075928,
    "assign": 3385.2194883823395
  },
  "n_items": 660
}