{
  "n_categories": 7,
  "purity": 0.21476510067114093,
  "nmi": 0.0032361898728319556,
  "ari": -0.022279678540065285,
  "npmi": 0.007551739626981055,
  "c_v": 0.4094845869215124,
  "redundancy": 0.18588546529723,
  "corpus": "cot",
  "seed": 44,
  "model": "deepseek/deepseek-v4-flash",
  "wall_s": 1209.182916879654,
  "phase_s": {
    "generate": 486.8908636569977,
    "refine": 6.8766539096832275,
    "assign": 715.4153113365173
  },
  "n_items": 149
}