{
  "n_categories": 12,
  "purity": 0.6196969696969697,
  "nmi": 0.40246726467493305,
  "ari": 0.323252483361238,
  "npmi": 0.015067270946344233,
  "c_v": 0.3295575329213712,
  "redundancy": 0.23005262711145066,
  "corpus": "darkbench",
  "seed": 44,
  "model": "google/gemini-3.1-flash-lite",
  "wall_s": 1126.3291873931885,
  "phase_s": {
    "generate": 336.26214385032654,
    "refine": 7.23229718208313,
    "assign": 782.8346691131592
  },
  "n_items": 660
}