{
  "n_categories": 35,
  "purity": 0.4530612244897959,
  "nmi": 0.5627682945462739,
  "ari": 0.22734800120894497,
  "npmi": 0.03414913618386445,
  "c_v": 0.30652918031469556,
  "redundancy": 0.1623084527928819,
  "corpus": "20ng",
  "seed": 46,
  "model": "deepseek/deepseek-v4-flash",
  "wall_s": 4966.468893766403,
  "phase_s": {
    "generate": 2319.458913564682,
    "refine": 16.305524587631226,
    "assign": 2630.704335451126
  },
  "n_items": 490
}