{
  "n_categories": 18,
  "purity": 0.3902439024390244,
  "nmi": 0.15975129705874236,
  "ari": -0.04126872034241325,
  "npmi": 0.02306915428779644,
  "c_v": 0.3139604909744112,
  "redundancy": 0.18584544593771815,
  "corpus": "cot",
  "seed": 42,
  "model": "deepseek/deepseek-v4-flash",
  "wall_s": 787.165851354599,
  "phase_s": {
    "generate": 371.06720304489136,
    "refine": 8.360530614852905,
    "assign": 407.73804092407227
  },
  "n_items": 82
}