{
  "n_categories": 109,
  "purity": 0.8106060606060606,
  "nmi": 0.47226850438670825,
  "ari": 0.23995806900378644,
  "npmi": 0.01920514790957023,
  "c_v": 0.3488029604139619,
  "redundancy": 0.1877229981880099,
  "corpus": "darkbench",
  "seed": 42,
  "model": "deepseek/deepseek-v4-flash",
  "wall_s": 8611.424715518951,
  "phase_s": {
    "generate": 4441.327397823334,
    "refine": 83.12743139266968,
    "assign": 4086.9698193073273
  },
  "n_items": 660
}