{
  "n_categories": 5,
  "purity": 0.7712121212121212,
  "nmi": 0.7851836643114679,
  "ari": 0.683705545076022,
  "npmi": 0.004304253166351042,
  "c_v": 0.511980350510669,
  "redundancy": 0.3728937728937729,
  "corpus": "darkbench",
  "seed": 44,
  "model": "deepseek/deepseek-v4-flash",
  "wall_s": 5611.772973060608,
  "phase_s": {
    "generate": 1874.9881098270416,
    "refine": 22.30089569091797,
    "assign": 3714.4838688373566
  },
  "n_items": 660
}