{
  "n_categories": 4,
  "purity": 0.5590909090909091,
  "nmi": 0.648230153766984,
  "ari": 0.44677046347229715,
  "npmi": 0.003494789321613176,
  "c_v": 0.4840600617969805,
  "redundancy": 0.43589743589743585,
  "corpus": "darkbench",
  "seed": 43,
  "model": "google/gemini-3.1-flash-lite",
  "wall_s": 1237.0495080947876,
  "phase_s": {
    "generate": 398.17577624320984,
    "refine": 7.277624130249023,
    "assign": 831.5960376262665
  },
  "n_items": 660
}