{
  "n_categories": 89,
  "purity": 0.7863636363636364,
  "nmi": 0.44462663143398823,
  "ari": 0.23602671919687893,
  "npmi": 0.014926012817263216,
  "c_v": 0.3349035163437153,
  "redundancy": 0.17018570949502873,
  "corpus": "darkbench",
  "seed": 43,
  "model": "deepseek/deepseek-v4-flash",
  "wall_s": 7726.159991979599,
  "phase_s": {
    "generate": 4001.043470621109,
    "refine": 55.20529508590698,
    "assign": 3669.911149740219
  },
  "n_items": 660
}