{
  "n_categories": 13,
  "purity": 0.5636363636363636,
  "nmi": 0.3420823673607567,
  "ari": 0.23840817120207144,
  "npmi": 0.01206345931673944,
  "c_v": 0.3183534589491345,
  "redundancy": 0.21864301276065978,
  "corpus": "darkbench",
  "seed": 43,
  "model": "google/gemini-3.1-flash-lite",
  "wall_s": 1176.3837215900421,
  "phase_s": {
    "generate": 358.7797694206238,
    "refine": 3.037717819213867,
    "assign": 814.5659589767456
  },
  "n_items": 660
}