{
  "n_categories": 73,
  "purity": 0.5872689938398358,
  "nmi": 0.6192242095515347,
  "ari": 0.31644156858280736,
  "npmi": 0.03927727223142165,
  "c_v": 0.3371761533675498,
  "redundancy": 0.18950261753024983,
  "corpus": "20ng",
  "seed": 42,
  "model": "deepseek/deepseek-v4-flash",
  "wall_s": 5116.583109617233,
  "phase_s": {
    "generate": 2344.216448068619,
    "refine": 113.55622053146362,
    "assign": 2658.810320854187
  },
  "n_items": 487
}