{
  "n_categories": 4,
  "purity": 0.5757575757575758,
  "nmi": 0.6414001332901911,
  "ari": 0.46412443557139627,
  "npmi": 0.004708116575524155,
  "c_v": 0.472734648118365,
  "redundancy": 0.4517704517704517,
  "corpus": "darkbench",
  "seed": 42,
  "model": "google/gemini-3.1-flash-lite",
  "wall_s": 1257.7130744457245,
  "phase_s": {
    "generate": 414.7045624256134,
    "refine": 7.197606086730957,
    "assign": 835.8108150959015
  },
  "n_items": 660
}