{
  "n_categories": 16,
  "purity": 0.4024390243902439,
  "nmi": 0.15002486085951025,
  "ari": -0.03297777597275446,
  "npmi": 0.02326925659913107,
  "c_v": 0.3344243925643078,
  "redundancy": 0.18497121070650482,
  "corpus": "cot",
  "seed": 43,
  "model": "deepseek/deepseek-v4-flash",
  "wall_s": 797.9940438270569,
  "phase_s": {
    "generate": 364.2124388217926,
    "refine": 3.0896780490875244,
    "assign": 430.6917142868042
  },
  "n_items": 82
}