{
  "n_categories": 61,
  "purity": 0.5705394190871369,
  "nmi": 0.6278032410669189,
  "ari": 0.33763500019059706,
  "npmi": 0.04539357936994727,
  "c_v": 0.32479196382499514,
  "redundancy": 0.1824328669651717,
  "corpus": "20ng",
  "seed": 44,
  "model": "deepseek/deepseek-v4-flash",
  "wall_s": 5352.235214233398,
  "phase_s": {
    "generate": 2569.1229038238525,
    "refine": 30.494014739990234,
    "assign": 2752.6181983947754
  },
  "n_items": 482
}