{
  "algebra": {
    "n": 50,
    "coverage": 0.9,
    "precision_at_coverage": 1.0,
    "purity": 0.94,
    "nmi": 0.8732993169810191,
    "ari": 0.8496400330461465,
    "n_labelled_correct": 45,
    "n_labelled_total": 45
  },
  "geometry": {
    "n": 40,
    "coverage": 0.9,
    "precision_at_coverage": 1.0,
    "purity": 0.975,
    "nmi": 0.9216985163362957,
    "ari": 0.8850913376546847,
    "n_labelled_correct": 36,
    "n_labelled_total": 36
  },
  "other": {
    "n": 39,
    "coverage": 0.8717948717948718,
    "precision_at_coverage": 1.0,
    "purity": 0.8974358974358975,
    "nmi": 0.8263588401687307,
    "ari": 0.7831142568250758,
    "n_labelled_correct": 34,
    "n_labelled_total": 34
  },
  "combinatorics": {
    "n": 15,
    "coverage": 0.8,
    "precision_at_coverage": 1.0,
    "purity": 0.8666666666666667,
    "nmi": 0.8220585773999579,
    "ari": 0.6181818181818182,
    "n_labelled_correct": 12,
    "n_labelled_total": 12
  },
  "number_theory": {
    "n": 5,
    "coverage": 1.0,
    "precision_at_coverage": 1.0,
    "purity": 1.0,
    "nmi": 1.0,
    "ari": 1.0,
    "n_labelled_correct": 5,
    "n_labelled_total": 5
  }
}