{
  "algebra": {
    "n": 50,
    "coverage": 0.78,
    "precision_at_coverage": 1.0,
    "full_purity": 0.88,
    "nmi": 0.7927383564321387,
    "ari": 0.6785002929115407
  },
  "geometry": {
    "n": 40,
    "coverage": 0.65,
    "precision_at_coverage": 1.0,
    "full_purity": 0.8,
    "nmi": 0.7094919709264733,
    "ari": 0.4861274772362078
  },
  "other": {
    "n": 39,
    "coverage": 0.717948717948718,
    "precision_at_coverage": 1.0,
    "full_purity": 0.8717948717948718,
    "nmi": 0.8303258188478903,
    "ari": 0.7155262243834665
  },
  "combinatorics": {
    "n": 15,
    "coverage": 0.8,
    "precision_at_coverage": 1.0,
    "full_purity": 0.9333333333333333,
    "nmi": 0.8858672713115125,
    "ari": 0.7529411764705882
  },
  "number_theory": {
    "n": 5,
    "coverage": 0.8,
    "precision_at_coverage": 1.0,
    "full_purity": 1.0,
    "nmi": 1.0,
    "ari": 1.0
  }
}