{
  "n_categories": 50,
  "purity": 0.5195876288659794,
  "nmi": 0.6187980306777203,
  "ari": 0.3332714749454437,
  "npmi": 0.04312858971611422,
  "c_v": 0.32214108034966765,
  "redundancy": 0.17305651784523338,
  "corpus": "20ng",
  "seed": 45,
  "model": "deepseek/deepseek-v4-flash",
  "wall_s": 5227.310435533524,
  "phase_s": {
    "generate": 4396.747447967529,
    "refine": 21.087685108184814,
    "assign": 809.4751756191254
  },
  "n_items": 485
}