{
  "n_categories": 13,
  "purity": 0.5242424242424243,
  "nmi": 0.3361264084740009,
  "ari": 0.2682452028416357,
  "npmi": 0.014895409503221742,
  "c_v": 0.37453281882786593,
  "redundancy": 0.2670341640929876,
  "corpus": "darkbench",
  "seed": 42,
  "model": "google/gemini-3.1-flash-lite",
  "wall_s": 1129.5960643291473,
  "phase_s": {
    "generate": 311.3362650871277,
    "refine": 3.287628173828125,
    "assign": 814.9719307422638
  },
  "n_items": 660
}