{
  "n_categories": 4,
  "purity": 0.556060606060606,
  "nmi": 0.6440822766567377,
  "ari": 0.4440464375244766,
  "npmi": 0.003494789321613176,
  "c_v": 0.4840600617969805,
  "redundancy": 0.43589743589743585,
  "corpus": "darkbench",
  "seed": 44,
  "model": "google/gemini-3.1-flash-lite",
  "wall_s": 1165.4794280529022,
  "phase_s": {
    "generate": 384.76022148132324,
    "refine": 6.98436975479126,
    "assign": 773.7347452640533
  },
  "n_items": 660
}