{
  "n_categories": 76,
  "purity": 0.5781893004115226,
  "nmi": 0.5988559451434413,
  "ari": 0.2689958389539948,
  "npmi": 0.040809570954879464,
  "c_v": 0.34906185601162926,
  "redundancy": 0.1934468521101648,
  "corpus": "20ng",
  "seed": 43,
  "model": "deepseek/deepseek-v4-flash",
  "wall_s": 6177.288056612015,
  "phase_s": {
    "generate": 2226.042976617813,
    "refine": 56.443747997283936,
    "assign": 3894.8012063503265
  },
  "n_items": 486
}