{
  "n_categories": 6,
  "purity": 0.6121212121212121,
  "nmi": 0.5845864804907295,
  "ari": 0.4529618097409686,
  "npmi": 0.007284552645056893,
  "c_v": 0.4887376387071651,
  "redundancy": 0.38052503052503056,
  "corpus": "darkbench",
  "seed": 43,
  "model": "deepseek/deepseek-v4-flash",
  "wall_s": 5486.15949177742,
  "phase_s": {
    "generate": 1679.4515671730042,
    "refine": 10.638983726501465,
    "assign": 3796.0688292980194
  },
  "n_items": 660
}